# once_dene/dene.sh tarayıcı sonucu -- 2026-10-06 -- http://127.0.0.1:7880 -- core 4183bb1, dev 136d5a6, editor eb78450 -- betik başına 20s
# geçti: 22   kaldı: 0   eksik: 0
betik	durum	süre	pixi	çizim	kare	çocuk	dokuÖnbelleği	hatalar	uyarılar	çıktı
01-kaplumbaga-temel.kojo	geçti	0	5.3.12	10	29	2	5		libtess yüklü değil: kendini kesen yolların dolgusu YANLIŞ olacak (NON_ZERO yerine earcut). Sayfa libtess.cat.js'i yüklemeli.	TAMAM: kaplumbağa temel
02-kaplumbaga-coklu.kojo	geçti	0	5.3.12	4	30	5	4			TAMAM: çoklu kaplumbağa
03-resim-sekiller.kojo	geçti	0	5.3.12	4	21	8	4		libtess yüklü değil: kendini kesen yolların dolgusu YANLIŞ olacak (NON_ZERO yerine earcut). Sayfa libtess.cat.js'i yüklemeli.	TAMAM: resim şekilleri
04-resim-donusturuculer.kojo	geçti	0	5.3.12	4	19	8	4		libtess yüklü değil: kendini kesen yolların dolgusu YANLIŞ olacak (NON_ZERO yerine earcut). Sayfa libtess.cat.js'i yüklemeli.	TAMAM: dönüştürücüler
05-gradyanlar.kojo	geçti	0	5.3.12	6	31	11	5			TAMAM: gradyanlar
06-renk-yapicilar.kojo	geçti	0	5.3.12	6	18	32	4			TAMAM: renk yapıcıları
07-yazi.kojo	geçti	0	5.3.12	4	17	10	16			TAMAM: yazı
08-canlandirma.kojo	geçti	1.8	5.3.12	366	82	6	5			kare süresi (ms): 0 | TAMAM: canlandırma 60 kare, tepki 60
09-carpisma.kojo	geçti	0.6	5.3.12	8	56	8	4		libtess yüklü değil: kendini kesen yolların dolgusu YANLIŞ olacak (NON_ZERO yerine earcut). Sayfa libtess.cat.js'i yüklemeli.	üst düzeyde: kaplumbağa a'ya değiyor mu: true | kaplumbağa a'ya değiyor mu: true | TAMAM: çarpışma
10-klavye-fare.kojo	geçti	0.6	5.3.12	42	45	5	4			fare: -999999, -999999 | TAMAM: klavye/fare
11-ses.kojo	geçti	0	5.3.12	4	19	3	5		istek başarısız: file:///media/collidium/hit.mp3 | kaynak yüklenemedi: Failed to load resource: net::ERR_FILE_NOT_FOUND | istek başarısız: file:///media/car-ride/car-move.mp3 | istek başarısız: file:/	müzik çalıyor mu: true | TAMAM: ses
12-imge-giysi.kojo	geçti	0	5.3.12	22	23	7	10		istek başarısız: file:///media/costumes/car.png | kaynak yüklenemedi: Failed to load resource: net::ERR_FILE_NOT_FOUND | istek başarısız: file:///media/collidium/ball1.png | istek başarısız: file:///m	TAMAM: imge/giysi (dosyalar /media'dan yüklenir)
13-sahne-tuval.kojo	geçti	0	5.3.12	4	22	7	4			TAMAM: sahne/tuval
14-koleksiyonlar.kojo	geçti	0	5.3.12	4	32	2	4			TAMAM: koleksiyonlar
15-yazi-sayi-matematik.kojo	geçti	0	5.3.12	4	35	2	4			TAMAM: yazı/sayı/matematik
16-yoney-nokta.kojo	geçti	0	5.3.12	4	33	2	4			TAMAM: yöney/nokta
17-gelecek-zaman.kojo	geçti	0	5.3.12	10	31	2	4			toplam 0.002 saniye sürdü. | 5:28:21 6.10.2026 | Not: durakla resim çizimini geciktirmez -- yalnız kaplumbağa komutlarını bekletir, resimler hemen çizilir. Resimlerle adım adım ilerlemek için fareyeTı
18-hatalar.kojo	geçti	0	5.3.12	4	32	2	4			TAMAM: hatalar
19-anahtar-kelimeler.kojo	geçti	0	5.3.12	4	40	2	4			TAMAM: anahtar kelimeler
20-kucuk-oyun.kojo	geçti	7.9	5.3.12	242	139	7	5		libtess yüklü değil: kendini kesen yolların dolgusu YANLIŞ olacak (NON_ZERO yerine earcut). Sayfa libtess.cat.js'i yüklemeli.	TAMAM: küçük oyun, 2 sekme
21-performans-cok-nesne.kojo	geçti	8.8	5.3.12	842	146	6	5			TAMAM: 300 nesne + canlandırma
22-uc-yildiz.kojo	geçti	2.1	5.3.12	300	202	119	4			TAMAM: üç yıldız, 150 adım
