# once_dene/dene.sh derleme sonucu -- 2026-10-07 -- http://127.0.0.1:7880 -- core e041551, dev f64ca66, editor a55044e
# geçti: 22   kaldı: 0   sunucu: 0
betik	durum	özet
01-kaplumbaga-temel.kojo	geçti	
02-kaplumbaga-coklu.kojo	geçti	
03-resim-sekiller.kojo	geçti	
04-resim-donusturuculer.kojo	geçti	
05-gradyanlar.kojo	geçti	
06-renk-yapicilar.kojo	geçti	
07-yazi.kojo	geçti	
08-canlandirma.kojo	geçti	
09-carpisma.kojo	geçti	
10-klavye-fare.kojo	geçti	
11-ses.kojo	geçti	
12-imge-giysi.kojo	geçti	
13-sahne-tuval.kojo	geçti	
14-koleksiyonlar.kojo	geçti	
15-yazi-sayi-matematik.kojo	geçti	
16-yoney-nokta.kojo	geçti	
17-gelecek-zaman.kojo	geçti	
18-hatalar.kojo	geçti	
19-anahtar-kelimeler.kojo	geçti	
20-kucuk-oyun.kojo	geçti	
21-performans-cok-nesne.kojo	geçti	
22-uc-yildiz.kojo	geçti	
